aGhqumcE6_w,Tony Yayo,1-1
4iSCOtYs_6Q,Anthony Rizzo,1-2
H7pSH4YL-T4,Machine Gun Kelly,1-3
e5Ipfn6YN7s,Gunplay,1-4
UlZASyA0KQI,Ja Rule,1-5
VQzTfz7fPyo,B.o.B.,1-6
kmBlwAFRFJU,Prince Amukamara,1-7
1HYEC_FlgAg,DJ Khaled,1-8
9k-SBpElcWA,Chili Klaus,1-9
508U54dZdPg,Curren$y,2-1
u2r9Lo9-7rY,Tinashe,2-2
6tmSC1BpAFc,Tommy Chong,2-3
I3RUflwPlH8,T.J. Miller,2-4
C79nHzODu0o,Coolio,2-5
0_57CGBe1to,Joey Fatone,2-6
f4lxK6EU04k,Michael Rapaport,2-7
3_9v-7rtVDk,Key & Peele,2-8
iphqdyydiUs,Riff Raff,2-9
SFdR240qaXA,Eddie Huang,2-10
tFRjzukT7Es,Chris D'Elia,2-11
pyw73zcYrl0,Mike Epps,2-12
2j9N2eS_pzI,Jim Gaffigan,2-13
ISjBsmI76KA,Carly Aquilino,2-14
5nyobyZ6gdE,Redman,2-15
vHqz5GHaPQw,Rob Gronkowski,2-16
YmNt0kpaZGE,Rob Corddry,2-17
iYBCT7f7Kng,Jeff Ross,2-18
Df28IhTwG-w,David Cross,2-19
GVLAAMZeraQ,Eric Andre,2-20
7LxMd8yV1cE,Joe Budden,2-21
S8XQHKg0Fjo,Matty Matheson,2-22
W7nGMd9SNiY,RZA and Paul Banks,2-23
1B9cdcjI2_U,Bert Kreischer,2-24
bMPw4MgkFfU,YG,2-25
idvYvMPpTYc,Jay Pharoah,2-26
E97GSnqFJ8Y,Chili Klaus,2-27
GLe0YBtpvWI,Harley Morenstein,2-28
8EZfZ--5mAQ,Travis Kelce,2-29
C4TcwIJCyBU,Hasan Minhaj,2-30
GTW8IplsKmM,Kevin Hart,2-31
nqUOGT3HoEY,Emily Oberg and Nadeska Alexis,2-31
ztUKJ414jtk,Martin Garrix,2-33
rqyE-7Y55kU,Bobby Lee,2-34
wUISWzxttrI,Tony Hawk,2-36
7p_mzgO0d0k,Action Bronson,2-38
O0g2EtKFAcA,T-Pain,2-39
t69oHRPb4E8,Rachael Ray,2-40
NpqUIwwQ_vU,Tom Colicchio,2-41
eCEG4QyQbF4,Post Malone,2-42
poi9dSiT5D4,N.O.R.E.,2-43
BB1B-VrPij0,James Franco and Bryan Cranston,2-44
p-P5-7eV9GE,Padma Lakshmi,3-1
e226MZIXJ5E,"Joey ""CoCo"" Diaz",3-2
ZgqZBbBCJL0,Danny Brown,3-3
3qrNRzkwlbU,Ricky Gervais,3-4
Lc4hUSLN_-M,Charlie Day,3-5
0-BQ_yTNyTs,Mac DeMarco,3-6
mHTR-XF6MXU,Russell Brand,3-7
KzG1jM1XFsw,Charlie Sloth,3-8
whokj22FTA8,Kyle Kinane,3-9
QFU8E0hSqKU,Dax Shepard,3-10
Tgw2Kkmupg8,H3H3,3-11
42IE7mPaYNk,Keke Palmer,3-12
io-1mYQUIe4,Charlamagne Tha God,3-13
XNqXca22g28,DJ Snake,3-14
trRc1_CATfo,Guy Fieri,3-15
o1ERaewus_M,Kevin Love,3-16
Da8-QfGemgo,Neil deGrasse Tyson,3-17
5FdmnmVBQXI,Thomas Middleditch,3-18
R042gl-sri0,Andy Cohen,3-19
qJCUBMFsdZM,Tom Arnold,3-20
fBljahaLMXs,Coyote Peterson,3-21
FwmhT0YP_Ps,Nick Kroll,3-22
ZxpNXfj5No8,Brett Baker,3-23
QulEM-Azzug,Seth Rogen and Dominic Cooper,3-24
sFy3rEG91OU,Cara Delevingne,4-1
h0WGOAK4qE8,Liam Payne,4-2
ePN1J_c4ulw,Steve-O,4-3
4n_x6ZlXg38,Vince Staples,4-4
Y1IjInlhAU8,Adam Richman,4-5
xI8ArWO9Uzs,ASAP Ferg Harlem,4-6
x8oQIiMfkPk,Kevin Durant,4-7
ldm8mnn-ULI,Henry Rollins,4-8
uV002CSNDac,Dillon Francis,4-9
kjNU-dbG3ek,Joji,4-10
QB5JOnDYeHY,Wanda Sykes,4-11
7TN09IP5JuI,Terry Crews,4-12
zl-X3dhooPM,Gary Vaynerchuk,4-13
a_MFkqMZTt4,Artie Lange,4-14
Dh1EMAYaczM,Chris Jericho,4-15
twjTkBN3Q9A,Gabrielle Union,4-16
rPh9bprbLkM,Wale,4-17
duRDizP0gHQ,Bob Saget,4-18
tuONqBMf3XA,Alexa Chung,4-20
__4c1JCHvaQ,Logic,4-21
xLkHEZTSeoU,Casey Neistat,4-22
G3Fc_eOkM8M,Chili Klaus,4-23
rRuifrLicbI,Taraji P. Henson,5-1
DJFeaRWJdy8,Sasha Banks,5-2
yA4xvRkZYjs,Von Miller,5-3
CRiBnM9l4N4,Rich Brian,5-4
Psx6elljRF8,Hannibal Buress,5-5
VWeYDFpCZqM,Michael B. Jordan,5-6
PAczA2saYWM,Ty Burrell,5-7
ZgQMW4eVrzw,Charlize Theron,5-8
3y75zBl37f8,Adam Rippon,5-9
enmLybSqmgc,Gabriel Iglesias,5-10
Oh4kio5hYn8,Shawn Mendes,5-11
IIjPj1zD3GI,Philip DeFranco,5-12
SywOj6EpkOc,Trick Daddy,5-13
8rqztDFvmZ8,Tyra Banks,5-14
T1-k7VYwsHg,Alton Brown,5-15
8Od-IMIGjfg,Johnny Knoxville,6-1
zF2QwHnk3EE,Natalie Portman,6-2
3DuCWM671Ds,Marques Brownlee,6-3
amv8fiCQnXI,Joel Embiid,6-4
bIfUsQRyymU,Tom Segura,6-5
W8_Yf6Q52JE,Joji and Rich Brian,6-6
nHUXXb6BVWE,Wiz Khalifa,6-7
Wkgt4oyK6rc,Al Roker,6-8
uBJq-XCP27c,Michael Cera,6-9
T-GSx7ePkCs,Issa Rae,6-10
wR3tCFXcbu4,Rhett & Link,6-11
r21JqtL53DI,Eddie Huang,6-13
X2zqiX6yL3I,Tenacious D,7-2
Eot4ZOUUNRI,Anderson .Paak,7-3
MfH0oirdHLs,Adam Carolla,7-4
NxF-TcXNt5w,Lil Yachty,7-5
ekaZTFFXNSs,E-40,7-6
-6nihDqjeXw,Lilly Singh,7-7
41iUdhFi8Gs,Blake Griffin,7-8
8Lvrikv6oPs,Bill Burr,7-9
zXp-oWBF5x0,Pete Holmes,7-10
GL4I2SEuptE,Vanessa Hudgens,7-11
XTvORn_2B7I,"Weird Al"" Yankovic",7-12
U9DyHthJ6LA,Gordon Ramsay,8-1
utBOYZ0pDo4,Abbi and Ilana,8-2
voFRslp8d60,Seth Meyers,8-3
OIyg6oKSTTE,Desus and Mero,8-5
E9o_ifDQWLE,Offset,8-6
YDr4ITrp7YI,Billie Eilish,8-7
_sZH-psg9yE,Shaq,8-8
yEmyUQsiPT4,Theo Von,8-9
46Gk58jvB-I,Chelsea Handler,8-11
SR5kfWXfxto,Scarlett Johansson,8-12
_AB1mxhd_H8,Trevor Noah,9-3
iS68LmqFVeA,Aubrey Plaza,9-4
ifD3-niHucE,Schoolboy Q,9-5
dQ80ui7zur4,Binging with Babish,9-8
fjy5Gk9-ulg,Juice WRLD,9-9
tYRS0aXaBC8,Idris Elba,9-10
KOlQWNGAAbM,Kristen Bell,9-11
FCXfezz4BB8,Steve Austin,9-12
lMbseuQR2G8,Shia LaBeouf,10-1
nNhYqLbsAGk,Ashton Kutcher,10-2
NxZwXy8kds8,Noel Gallagher,10-3
SkknL-nEwK0,Liza Koshy,10-4
gWVHses2GCY,Paul Rudd,10-5
bzMMDNiaBo8,Maisie Williams,10-6
YbZmhgtZkdg,Nick Offerman,10-7
QmLn2giNZ0g,DaBaby,10-8
uh3Fd2I1Jgs,Kristen Stewart,10-9
SB98eQE4KkU,Chance the Rapper,10-10
B8gVMuIywe8,Brad Leone,10-11
Q9XiO1do-Cc,John Boyega,10-12
JeUFrZtKkn8,Margot Robbie,11-1
qUwOJ5Z1C6s,ZoÃ« Kravitz,11-2
d7qqu9HC7V0,Will Ferrell,11-3
TeMnMqPVRsw,Halsey,11-4
-6BvA4U1dLI,Pete Davidson,11-5